%META:TOPICINFO{author="meyer" comment="save topic" date="1464614336" format="1.1" reprev="149" version="150"}%
%META:TOPICPARENT{name="WebHome"}%
---+ Students

---++ Current students

Please add in alphabetical order.
   * [[AndriyNadolskyy][Andriy Nadolskyy]] (TF)
   * [[ChristianPollak][Christian Pollak]] (IH)
   * [[CanDiehl][CanDiehl]] (CS)
   * [[DmitrijKress][Dmitrij Kress]] (LF, !CaS)
   * [[FaisalArshad][Faisal Arshad]] (HMS)
   * [[HeikoReinemuth][Heiko Reinemuth]] (!CaS, ED)
   * [[JannisHoppeBSc][Jannis Hoppe]] (!ChM)
   * [[LasseStelzer][Lasse Stelzer]] (JD, SB)
   * [[MichaelBurkhardt][Michael Burkhardt]] (!PSa)
   * [[PatrickLerner][Patrick Lerner]] (JD, LF)
   * [[RichardRieb][Richard Rieb]] (SH)
   * [[RaktimBora][Raktim Bora]] (DS)
   * [[ManuelSpari][Manuel Spari]] (JD)
   * [[DajushSiahdohoni][Dajush Siahdohoni]] (JD)
   * [[ZiyangLi][Ziyang Li]] (NR)
   * [[MichaelBraeunlein][Michael Bräunlein]] (NR)
   * [[Students.TahirHussain][Tahir Hussain]] (REC)

---++ Former students
Please add in alphabetical order.
   * [[AlexanderKrug][Alexander Krug]] (NE/TZ)
   * [[AnouarHaha][Anouar Haha]]
   * [[AnukiranSolur][Anukiran Solur]] (DO, JEK)
   * [[ArnePottharst][Arne Pottharst]]
   * [[ArtemVovk][Artem Vovk]] (OF)
   * [[BastianChristoph][Bastian Christoph]] (TZ/NE)
   * [[BastianLaur][Bastian Laur]] (!ChM)
   * [[BenjaminMeetingProtokolle][Benjamin Herbert]]
   * [[ChristianBrueckner][Christian Brückner]] (!MiM, JEK)
   * [[ChristianJacobi][Christian Jacobi]]
   * [[ChristianKirschner][Christian Kirschner]] (EW - Bachelor)
   * [[ChristianKirschnerMaster][Christian Kirschner]] (!ChM - Master)
   * [[ChristianHollubetz][Christian Hollubetz]] (NE/TZ)
   * [[ChristianMeyer][Christian Meyer]]
   * [[CigdemToprak][Cigdem Toprak]]
   * [[DavidKaufmann][David Kaufmann]] (CB)
   * [[DeborahButh][Deborah Buth]] (!CaS)
   * [[DiWu][Di Wu]] (LF/MM)
   * [[ElifTekes][Elif Tekes]] (CT)
   * [[ErikLanDoDinh][Erik-Lan Do Dinh]] (REC)
   * [[FabianTamin][Fabian Tamin]] (JH)
   * [[FlorianSchwager][Florian Schwager]]
   * [[FlorianVolk][Florian Volk]]
   * [[FrerikKoch][Frerik Koch]] (!ChM)
   * [[GeorgiValkanov][Georgi Valkanov]] (TZ/LB)
   * [[GregLogan][Greg Logan]]
   * [[HakanEroglu][Hakan Eroglu]]
   * [[IrinaAlles][Irina Alles]] (CB)
   * [[IsabelleMaschik][Isabelle Maschik]] (REC, JEK)
   * [[JensHaase][Jens Haase]] (!MiM)
   * [[JoachimCaspar][Joachim Caspar]]
   * [[JochenHuber][Jochen Huber]]
   * [[JoergHellms][Jörg Hellms]]
   * [[IrinaSmidt][Irina Smidt]] (NE/TZ)
   * [[KaiLochbaum][Kai Lochbaum]]
   * [[KaiMichaelHoever][Kai Michael Höver]]
   * [[KwangSooPark][Kwang-Soo Park]] (!ChM)
   * [[LarsLipecki][Lars Lipecki]]
   * [[LizhenQu][Lizhen Qu]]
   * [[ManuelWick][Manuel Wick]] (GS,BH)
   * [[MarcelWlotzkaThesis][Marcel Wlotzka]] (!ChM)
   * [[MariusLauder][Marius Lauder]]
   * [[MarkoMartin][Marko Martin]] (TZ/NE)
   * [[MarlonHorn][Marlon Horn]]
   * [[MateuszParzonka][Mateusz Parzonka]] (TZ/NE)
   * [[Mathieu Germain][Mathieu Germain]]
   * [[MichaelStahr][Michael Stahr]] (!ChM)
   * [[MirkoWerner][Mirko Werner]] (JEK)
   * [[NadineTrueschler][NadineTrüschler]] (OF)
   * [[NataliyaSinkevych][Nataliya Sinkevych]]
   * [[NavidImani][Navid Imani]]
   * [[NicoErbs][Nicolai Erbs]] (CT)
   * [[NiklasJakob][Niklas Jakob]]
   * [[NikolayGeorgiev][Nikolay Georgiev]] (DB,CM)
   * [[Pavel Rojtberg][Pavel Rojtberg]]
   * [[RaffaelHannemann][Raffael Hannemann]] (CS, IH)
   * [[RolandKluge][Roland Kluge]](JEK)
   * [[RomanLisserman][Roman Lisserman]]
   * [[RouvenRoehrig][Rouven Röhrig]] (TZ/LB)
   * [[SebastianKasten][Sebastian Kasten]] (EW)
   * [[SebastianKneise][Sebastian Kneise]] (NE/PS)
   * [[SimonKulessa][Simon Kulessa]]
   * [[SimonOlberding][Simon Olberding]]
   * [[StefanHenss][Stefan Henß]] (SM) 
   * [[StefanLaabs][Stefan Laabs]] (!DaB)
   * [[StefanRoedde][Stefan Rödde]]
   * [[SvenBraeutigam][Sven Bräutigam]] (!ChM)
   * [[SoerenMess][Sören Meß]] (CS)
   * [[TitilayoCraig][Titilayo Craig]]
   * [[TobiasHorsmann][Tobias Horsmann]](TZ/LB)
   * [[ThuHuongLuu][Thu Huong Luu]] (NE/MM)
   * [[YevgenChebotar][Yevgen Chebotar]] (OF)
   * [[UteWinchenbach][Ute Winchenbach]] (!CaS, ED)
   * [[ZhiShen][Zhi Shen]]
   * [[MariaPelevina][Maria Pelevina]] (CS)