%META:TOPICINFO{author="ChristianMeyer" date="1333359097" format="1.1" version="89"}%
%META:TOPICPARENT{name="WebHome"}%
---+ Students

---++ Current students

Please add in alphabetical order.
   * [[ChristianBrueckner][Christian Brückner]] (!MiM, JEK)
   * [[ChristianKirschnerMaster][Christian Kirschner]] (!ChM)

---++ Former students
Please add in alphabetical order.
   * [[AlexanderKrug][Alexander Krug]] (NE/TZ)
   * [[AnouarHaha][Anouar Haha]]
   * [[ArnePottharst][Arne Pottharst]]
   * [[BastianChristoph][Bastian Christoph]] (TZ/NE)
   * [[BastianLaur][Bastian Laur]] (!ChM)
   * [[BenjaminMeetingProtokolle][Benjamin Herbert]]
   * [[ChristianJacobi][Christian Jacobi]]
   * [[ChristianKirschner][Christian Kirschner]] (EW)
   * [[ChristianMeyer][Christian Meyer]]
   * [[CigdemToprak][Cigdem Toprak]]
   * [[ElifTekes][Elif Tekes]] (CT)
   * [[FabianTamin][Fabian Tamin]] (JH)
   * [[FlorianSchwager][Florian Schwager]]
   * [[FlorianVolk][Florian Volk]]
   * [[GregLogan][Greg Logan]]
   * [[HakanEroglu][Hakan Eroglu]]
   * [[JensHaase][Jens Haase]] (!MiM)
   * [[JoachimCaspar][Joachim Caspar]]
   * [[JochenHuber][Jochen Huber]]
   * [[JoergHellms][Jörg Hellms]]
   * [[IrinaSmidt][Irina Smidt]] (NE/TZ)
   * [[KaiLochbaum][Kai Lochbaum]]
   * [[KaiMichaelHoever][Kai Michael Höver]]
   * [[LarsLipecki][Lars Lipecki]]
   * [[LizhenQu][Lizhen Qu]]
   * [[ManuelWick][Manuel Wick]] (GS,BH)
   * [[MarkoMartin][Marko Martin]] (TZ/NE)
   * [[MateuszParzonka][Mateusz Parzonka]] (TZ/NE)
   * [[MarlonHorn][Marlon Horn]]
   * [[MariusLauder][Marius Lauder]]
   * [[Mathieu Germain][Mathieu Germain]]
   * [[NadineTrueschler][NadineTrüschler]] (OF)
   * [[NataliyaSinkevych][Nataliya Sinkevych]]
   * [[NavidImani][Navid Imani]]
   * [[NicoErbs][Nicolai Erbs]] (CT)
   * [[NiklasJakob][Niklas Jakob]]
   * [[NikolayGeorgiev][Nikolay Georgiev]] (DB,CM)
   * [[Pavel Rojtberg][Pavel Rojtberg]]
   * [[RomanLisserman][Roman Lisserman]]
   * [[SebastianKasten][Sebastian Kasten]] (EW)
   * [[SimonKulessa][Simon Kulessa]]
   * [[SimonOlberding][Simon Olberding]]
   * [[StefanLaabs][Stefan Laabs]] (!DaB)
   * [[StefanRoedde][Stefan Rödde]]
   * [[TitilayoCraig][Titilayo Craig]]
   * [[YevgenChebotar][Yevgen Chebotar]] (OF)
   * [[ZhiShen][Zhi Shen]]